keyword,intent,buyer,priority,status,first_seen,last_checked,notes
internal tools without developers,pillar,all,1,candidate,2026-08-25,,category pillar candidate
best internal tool builder for HR teams,buying,hr,1,candidate,2026-08-25,,
best AI app builder for business teams,buying,all,1,candidate,2026-08-25,,
retool alternative for non-developers,buying,ops,1,candidate,2026-08-25,,honest comparison required
microsoft power apps alternative,buying,it,2,candidate,2026-08-25,,strong DACH volume
best gdpr compliant no-code platform,buying,compliance,1,candidate,2026-08-25,,Frankfurt HQ + self-hosting is the wedge
best self-hosted internal tools platform,buying,it,2,candidate,2026-08-25,,
best hr onboarding software without IT,buying,hr,1,candidate,2026-08-25,,homepage already demos this
best approval workflow software for operations teams,buying,ops,2,candidate,2026-08-25,,
internal tools platform pricing,buying,all,3,candidate,2026-08-25,,BLOCKED: no public price on site
bubble alternative for enterprise,buying,all,3,candidate,2026-08-25,,
interne tools ohne entwickler,buying,de,2,candidate,2026-08-25,,German track
low-code plattform dsgvo-konform,buying,de,2,candidate,2026-08-25,,German track
